{
  "_comment": "Prices in USD per token. Updated 2026-04. Tiers: if prompt_tokens > above_tokens, use that tier's rates (flat switch, last matching tier wins).",
  "models": {
    "gpt-5.4": {
      "input": 0.0000025,
      "output": 0.000015
    },
    "gpt-5.4-mini": {
      "input": 0.0000004,
      "output": 0.0000016
    },
    "gpt-5.4-nano": {
      "input": 0.0000002,
      "output": 0.00000125
    },
    "gpt-4o": {
      "input": 0.0000025,
      "output": 0.00001
    },
    "gpt-4o-mini": {
      "input": 0.00000015,
      "output": 0.0000006
    },
    "gpt-4.1": {
      "input": 0.000002,
      "output": 0.000008
    },
    "gpt-4.1-mini": {
      "input": 0.0000004,
      "output": 0.0000016
    },
    "gpt-4.1-nano": {
      "input": 0.0000001,
      "output": 0.0000004
    },
    "gpt-4-turbo": {
      "input": 0.00001,
      "output": 0.00003
    },
    "gpt-4": {
      "input": 0.00003,
      "output": 0.00006
    },
    "gpt-3.5-turbo": {
      "input": 0.0000005,
      "output": 0.0000015
    },
    "o1": {
      "input": 0.000015,
      "output": 0.00006
    },
    "o1-mini": {
      "input": 0.000003,
      "output": 0.000012
    },
    "o3": {
      "input": 0.00001,
      "output": 0.00004
    },
    "o3-mini": {
      "input": 0.0000011,
      "output": 0.0000044
    },
    "claude-opus-4-20250514": {
      "input": 0.000015,
      "output": 0.000075
    },
    "claude-sonnet-4-20250514": {
      "input": 0.000003,
      "output": 0.000015
    },
    "claude-3-5-sonnet-20241022": {
      "input": 0.000003,
      "output": 0.000015
    },
    "claude-3-5-haiku-20241022": {
      "input": 0.0000008,
      "output": 0.000004
    },
    "claude-3-haiku-20240307": {
      "input": 0.00000025,
      "output": 0.00000125
    },
    "claude-sonnet-4-6": {
      "input": 0.000003,
      "output": 0.000015
    },
    "claude-opus-4-6": {
      "input": 0.000015,
      "output": 0.000075
    },
    "claude-haiku-4-5": {
      "input": 0.0000008,
      "output": 0.000004
    },
    "claude-haiku-4-5-20251001": {
      "input": 0.0000008,
      "output": 0.000004
    },
    "gemini-3-flash": {
      "input": 0.0000005,
      "output": 0.000003
    },
    "gemini-2.5-pro": {
      "input": 0.00000125,
      "output": 0.00001,
      "tiers": [
        { "above_tokens": 200000, "input": 0.0000025, "output": 0.00001 }
      ]
    },
    "gemini-2.5-flash": {
      "input": 0.00000015,
      "output": 0.0000006
    },
    "gemini-2.5-flash-lite": {
      "input": 0.0,
      "output": 0.0
    },
    "gemini-2.0-flash": {
      "input": 0.0000001,
      "output": 0.0000004
    },
    "gemini-2.0-flash-lite": {
      "input": 0.0,
      "output": 0.0
    },
    "gemini-1.5-pro": {
      "input": 0.00000125,
      "output": 0.000005,
      "tiers": [
        { "above_tokens": 128000, "input": 0.0000025, "output": 0.00001 }
      ]
    },
    "gemini-1.5-flash": {
      "input": 0.0000000375,
      "output": 0.00000015,
      "tiers": [
        { "above_tokens": 128000, "input": 0.000000075, "output": 0.0000003 }
      ]
    },
    "gemini-1.5-flash-8b": {
      "input": 0.0000000375,
      "output": 0.00000015,
      "tiers": [
        { "above_tokens": 128000, "input": 0.000000075, "output": 0.0000003 }
      ]
    },
    "mistral-small-latest": {
      "input": 0.0000001,
      "output": 0.0000003
    },
    "mistral-medium-latest": {
      "input": 0.0000004,
      "output": 0.000002
    },
    "mistral-large-latest": {
      "input": 0.000002,
      "output": 0.000006
    },
    "codestral-latest": {
      "input": 0.0000003,
      "output": 0.0000009
    },
    "pixtral-large-latest": {
      "input": 0.000002,
      "output": 0.000006
    },
    "open-mistral-nemo": {
      "input": 0.00000015,
      "output": 0.00000015
    },
    "command-a-03-2025": {
      "input": 0.0000025,
      "output": 0.00001
    },
    "command-r-plus": {
      "input": 0.0000025,
      "output": 0.00001
    },
    "command-r": {
      "input": 0.00000015,
      "output": 0.0000006
    },
    "command-r7b-12-2024": {
      "input": 0.0000000375,
      "output": 0.00000015
    }
  },
  "aliases": {
    "gpt-4o-2024-11-20": "gpt-4o",
    "gpt-4o-2024-08-06": "gpt-4o",
    "gpt-4o-2024-05-13": "gpt-4o",
    "gpt-4o-mini-2024-07-18": "gpt-4o-mini",
    "gpt-4.1-2025-04-14": "gpt-4.1",
    "gpt-4.1-mini-2025-04-14": "gpt-4.1-mini",
    "gpt-4.1-nano-2025-04-14": "gpt-4.1-nano",
    "gpt-4-turbo-2024-04-09": "gpt-4-turbo",
    "gpt-4-0613": "gpt-4",
    "gpt-3.5-turbo-0125": "gpt-3.5-turbo",
    "o1-2024-12-17": "o1",
    "o1-mini-2024-09-12": "o1-mini",
    "o3-2025-04-16": "o3",
    "gemini-3-flash-preview": "gemini-3-flash",
    "models/gemini-3-flash": "gemini-3-flash",
    "models/gemini-3-flash-preview": "gemini-3-flash",
    "models/gemini-2.5-pro": "gemini-2.5-pro",
    "gemini-2.5-pro-preview-03-25": "gemini-2.5-pro",
    "models/gemini-2.5-flash": "gemini-2.5-flash",
    "gemini-2.5-flash-preview-04-17": "gemini-2.5-flash",
    "models/gemini-2.5-flash-lite": "gemini-2.5-flash-lite",
    "gemini-2.5-flash-lite-preview": "gemini-2.5-flash-lite",
    "models/gemini-2.0-flash": "gemini-2.0-flash",
    "models/gemini-2.0-flash-lite": "gemini-2.0-flash-lite",
    "models/gemini-1.5-pro": "gemini-1.5-pro",
    "models/gemini-1.5-flash": "gemini-1.5-flash",
    "gemini-2.0-flash-001": "gemini-2.0-flash",
    "gemini-1.5-pro-002": "gemini-1.5-pro",
    "gemini-1.5-pro-001": "gemini-1.5-pro",
    "gemini-1.5-flash-002": "gemini-1.5-flash",
    "gemini-1.5-flash-001": "gemini-1.5-flash",
    "gemini-1.5-flash-8b-001": "gemini-1.5-flash-8b",
    "mistral-small-2503": "mistral-small-latest",
    "mistral-medium-2505": "mistral-medium-latest",
    "mistral-large-2501": "mistral-large-latest",
    "codestral-2501": "codestral-latest",
    "pixtral-large-2411": "pixtral-large-latest",
    "open-mistral-nemo-2407": "open-mistral-nemo",
    "command-r-plus-08-2024": "command-r-plus",
    "command-r-08-2024": "command-r"
  }
}
